Labels,Text,Text_Tag;
1,Says the Annies List political group supports third-trimester abortions on demand.,abortion;
"2,When did the decline of coal start? It started when natural gas took off that started to begin in (President George W.) Bushs administration.,""energy,history,job-accomplishments""";
"3,""Hillary Clinton agrees with John McCain """"by voting to give George Bush the benefit of the doubt on Iran."""""",foreign-policy";
1,Health care reform legislation is likely to mandate free sex change surgeries.,health-care;
"2,The economic turnaround started at the end of my term.,""economy,jobs""";
5,The Chicago Bears have had more starting quarterbacks in the last 10 years than the total number of tenured (UW) faculty fired during the last two decades.,education;
0,Jim Dunnam has not lived in the district he represents for years now.,candidates-biography;
"2,""I'm the only person on this stage who has worked actively just last year passing, along with Russ Feingold, some of the toughest ethics reform since Watergate."",ethics";
"2,""However, it took $19.5 million in Oregon Lottery funds for the Port of Newport to eventually land the new NOAA Marine Operations Center-Pacific."",jobs";
"3,Says GOP primary opponents Glenn Grothman and Joe Leibham cast a compromise vote that cost $788 million in higher electricity costs.,""energy,message-machine-2014,voting-record""";
"3,""For the first time in history, the share of the national popular vote margin is smaller than the Latino vote margin."",elections";
"2,""Since 2000, nearly 12 million Americans have slipped out of the middle class and into poverty."",""economy,jobs,new-hampshire-2012,poverty""";
"1,""When Mitt Romney was governor of Massachusetts, we didnt just slow the rate of growth of our government, we actually cut it."",""history,state-budget""";
"3,The economy bled $24 billion due to the government shutdown.,""economy,federal-budget,health-care""";
0,Most of the (Affordable Care Act) has already in some sense been waived or otherwise suspended.,health-care;
"2,""In this last election in November, ... 63 percent of the American people chose not to vote, ... 80 percent of young people, (and) 75 percent of low-income workers chose not to vote."",elections";
5,McCain opposed a requirement that the government buy American-made motorcycles. And he said all buy-American provisions were quote 'disgraceful.' ,federal-budget;
"0,""U.S. Rep. Ron Kind, D-Wis., and his fellow Democrats went on a spending spree and now their credit card is maxed out"",federal-budget";
"2,""Water rates in Manila, Philippines, were raised up to 845 percent when a subsidiary of the World Bank became a partial owner."",""financial-regulation,foreign-policy,water""";
"3,""Almost 100,000 people left Puerto Rico last year."",""bankruptcy,economy,population""";
"1,Women and men both are making less when you adjust for inflation than when John Kitzhaber was first elected governor.,""economy,income""";
"3,The United States has the highest corporate tax rate in the free world.,""corporations,taxes""";
3,We just had the best year for the auto industry in America in history.,economy;
"2,""Says Scott Walker favors cutting up to 350,000 families and children off health care."",""health-care,message-machine""";
"0,Says Mitt Romney wants to get rid of Planned Parenthood.,""abortion,federal-budget,health-care""";
1,I dont know who (Jonathan Gruber) is.,health-care;
"3,Hate crimes against American Muslims and mosques have tripled after Paris and San Bernardino.,""crime,diversity,homeland-security,terrorism""";
2,Rick Perry has never lost an election and remains the only person to have won the Texas governorship three times in landslide elections.,candidates-biography;
"1,""ISIS supporter tweeted at 10:34 a.m. Shooting began at 10:45 a.m. in Chattanooga, Tenn."",""technology,terrorism""";
"3,Youth unemployment in minority communities is about 40 to 45 percent.,""diversity,economy,jobs""";
"5,Says Paul Ryan is still endorsing Trump.,""candidates-biography,elections,campaign-advertising""";
"0,""If you look at states that are right to work, they constantly do not have budget deficits and they have very good business climates."",""economy,labor,states,unions,workers""";
"1,What (the Obama administration is) going to come out with in the next several months is youre not even going to be able to burn coal very limitedly in the existing plants.,""climate-change,energy,environment,government-regulation""";
"3,We cut business taxes so today 70 percent of our businesses dont pay a business tax.,""small-business,taxes""";
"3,Says Mark Pryor votes with Obama 93 percent of the time.,""bipartisanship,voting-record""";
"5,We have a federal government that thinks they have the authority to regulate our toilet seats.,""consumer-safety,corrections-and-updates,government-regulation,market-regulation,states,supreme-court,workers""";
"5,Austin is a city that has basically doubled in size every 25 years or so since it was founded.,""city-government,population""";
"5,""The nuclear test conducted in our nation this time is the Earth's 2,054th nuclear test. The five permanent members of the U.N. Security Council have conducted 99.99 percent of the total nuclear tests."",military";
"4,""In the case of a catastrophic event, the Atlanta-area offices of the Centers for Disease Control and Prevention will self-destruct."",""health-care,pop-culture""";
"5,""Under President George W. Bush, we added $4.9 trillion to the debt. Under President Obama weve added $6.5 trillion to the debt."",debt";
"1,Says a U.S. Supreme Court justice suggested that some U.S. cases will be decided based on South African law.,""legal-issues,supreme-court""";
"2,Says Marco Rubio skipped 18 defense votes including one to arm the Kurds to fight ISIS.,""military,voting-record""";
"4,""Rep. David Cicilline is responsible for the federal loan guarantee to Solyndra, the failed solar company"",""energy,stimulus""";
"4,Says Ohio budget item later signed into law by Gov. John Kasich requires women seeking an abortion to undergo a mandatory vaginal probe.,""abortion,pundits,women""";
"1,We have a director of homeland security who cannot use and will not use the term 'terrorist attack' but instead substitutes 'man-made disaster.' ,""homeland-security,terrorism""";
"2,African-American youth unemployment is 51 percent. Hispanic youth unemployment is 36 percent.,""diversity,economy,jobs""";
"4,""Obamacare will provide insurance to all non-U.S. residents, even if they are here illegally."",""health-care,immigration""";
"1,President Barack Obama took exactly none of his own deficit reduction commissions ideas. Not one.,""deficit,federal-budget""";
"4,It was under Barack Obama and Hillary Clinton that changed the rules of engagement that probably cost (Capt. Humayun Khans) life.,""iraq,military""";
5,Hillary Clinton in 2005 co-sponsored legislation that would jail flag burners.,patriotism;
"0,Says the paperback edition of Mitt Romneys book deleted line that Massachusetts individual mandate should be the model for the country,""health-care,states""";
"0,""Maggie Hassan raised tuition, making it the highest in America."",education";
"1,Says Terry McAuliffe is the person who invented the scheme to rent out the Lincoln Bedroom.,""campaign-finance,ethics,history""";
"5,""We created 800,000 new jobs, we cut the unemployment rate almost in half and today New York State has more private sector jobs than it has ever had in its history"",jobs";
"0,""We have towns in West Texas that are out of water, that are having to truck in water."",water";
"2,""In Georgia, women earn 82 cents for every dollar earned by men."",""jobs,women""";
2,A federal system that verifies employees are authorized to work in the U.S. is inaccurate anywhere from 50 percent all the way up to in excess of 80 percent of the time.,immigration;
"0,""They were going to build the wall a while ago, not so long ago, like in 06. And they couldnt get environmental impact statements."",immigration";
1,Sen. Obama's campaign announced that he's choosing his cabinet.,elections;
"3,""In 2008, only 54 percent of Latinos in Texas were registered to vote and only 35 percent actually turned out."",""elections,population""";
"1,Only 2 percent of public high schools in the country offer PE classes.,""education,health-care""";
"3,""Said he's the only Republican candidate """"who's actually turned around a government economy."""""",job-accomplishments";
"5,""On military recruiters at Harvard, Elena Kagan """"took a position and the Supreme Court ruled unanimously that she was wrong."""""",""education,gays-and-lesbians,kagan-nomination,military,supreme-court""";
"3,""There are 321,092 public school teachers in Texas. And there are 313,850 non-teachers in our public schools."",""education,message-machine,taxes""";
"1,""Under Mayor Cicilline, [Providence] was a sanctuary city."",""history,homeland-security,immigration,legal-issues,pundits""";
"4,Transgender individuals in the U.S. have a 1-in-12 chance of being murdered.,""corrections-and-updates,crime,criminal-justice,sexuality""";
"5,""At Bain Capital, we helped start an early childhood learning company called Bright Horizons that First Lady Michelle Obama rightly praised."",""candidates-biography,job-accomplishments""";
"1,""Says the man who rushed the stage at him in Dayton, Ohio, had chatter about ISIS, or with ISIS in his social media posts."",""civil-rights,elections,terrorism""";
"0,U.S. Rep. Phil Gingrey gave the government the power to electronically spy on Americans without a warrant.,""criminal-justice,terrorism""";
"0,Alex Sink funneled three quarters of a million dollars in no-bid contracts to Bank of America.,""economy,financial-regulation,message-machine""";
"5,""If you take the population growth here in Virginia, we are net zero on job creation since (Bob McDonnell) became governor."",jobs";
"0,""Under Obama, home values in Florida collapsed, construction jobs were lost and the state had a high foreclosure rate."",""housing,message-machine-2012""";
"3,""The new Arizona immigration law """"says that any police officer can stop anyone who appears to them to be reasonably suspicious of being an undocumented person."""""",""immigration,legal-issues""";
3,The only time in our history when the debt has been higher than this was the end of World War II.,debt;
"3,The cost of health care is now the single-biggest factor driving down the federal budget deficit.,""deficit,federal-budget,health-care""";
"5,""During the recession, the consumer in his native perversity has begun to save. The savings rate is now 6.2 percent."",""economy,abc-news-week""";
"1,On whether a U.S. Supreme Court nominee should be forthcoming at confirmation hearings.,""kagan-nomination,supreme-court""";
"0,Says one out of three U.S. homeless men is a veteran.,""poverty,veterans""";
"1,Says Charlie Crist supports cuts to the Medicare Advantage program.,""health-care,medicare""";
2,I think it is unacceptable for the Chinese today to be larger in wind power and in solar panels and photovoltaic manufacturing than all of Europe put together -- forget the United States.,energy;
"5,Says Scott Brown co-sponsored legislation to let employers deny women coverage for birth control.,""health-care,legal-issues,women""";
"2,""At some point in their lives, 99% of women use birth control."",sexuality";
"1,""In the past 20 years, Egypt has made great strides in political and democratic reform."",""foreign-policy,abc-news-week""";
"1,The amount of attention paid this week to Chris Christie makes the coverage of Benghazi ... pale in significance.,""terrorism,transportation""";
5,Says U.S. Rep. Steve Southerland voted to keep the shutdown going.,federal-budget;
"2,""In Rick Perrys Texas, we import nurses ... from other countries."",health-care";
3,There is a federal criminal law that says its a crime to transport dentures across state lines.,public-health;
"3,We built a new prison every 10 days between 1990 and 2005 to keep up with our mass incarceration explosion of nonviolent offenders.,""crime,criminal-justice""";
"0,""Sen. McCain's tax plan provides """"virtually nothing to the middle class."""""",taxes";
"1,Austin is burdened by the fastest-growing tax increases of any major city in the nation.,""city-budget,city-government,taxes""";
"1,""Phoenix, Arizona, is the No. 2 kidnapping capital of the world."",immigration";
"5,I belong to the AFL-CIO.,""candidates-biography,labor""";
3,The insurance commissioner cant do squat about health care.,health-care;
2,Says a poll found him the only Republican candidate who could beat Barack Obama in Texas -- and by eight points.,polls;
"0,""President Ronald Reagan sent troops into conflict only in one circumstance, which was in Grenada We were in a peacekeeping setting in Lebanon."",""foreign-policy,history,military""";
0,Says David Jolly supports privatizing Social Security.,social-security;
"5,Did you know US population growth is at its lowest since the Great Depression?,""immigration,population""";
"3,""The average student in Florida, what they actually pay out of pocket at our major universities for tuition is as much or less than what they spend on cellphones."",education";
"5,""Since 1968, more Americans have died from gunfire than died in all the wars of this countrys history."",guns";
3,A foreclosure tax that would take effect in 2013 could mean a high tax bill for those facing foreclosure and millions of families who modified their mortgage or had a short sale through their lender.,housing;
1,The Florida Department of Agricultures website FreshFromFlorida.com can be used to get a permit to carry a loaded hidden gun without ever leaving your house.,guns;
"4,""The Atlanta streetcar is expected to create 930 jobs during construction, totaling more than 5,600 jobs over the next 20 years."",transportation";
"3,""Raising the minimum wage to $10.10 an hour, would help lift over a million Americans out of poverty."",""income,message-machine-2014,poverty""";
"3,""Says Secretary of State John Kerry, when he was a senator, flew to Managua and met with a communist dictator there, Daniel Ortega, and accused the Reagan administration of engaging in terrorism."",""foreign-policy,history,terrorism""";
"1,""NATO is opening up a major terror division. ... Im sure Im not going to get credit for it, but that was largely because of what I was saying and my criticism of NATO."",""foreign-policy,military,terrorism""";
5,Sen. Obama has always had a 100 percent prochoice rating.,abortion;
"2,""Since Gina Raimondo took office, investment fees on the states pension portfolio have gone up from about $12 million annually to about $50 million."",""candidates-biography,economy,pensions,retirement,state-finances,wealth,workers""";
"5,The (federal) debt is growing by more than $4 billion a day.,""deficit,economy,federal-budget""";
"2,""Under President Barack Obamas jobs bill, states would no longer have to lay off teachers, firefighters and police officers."",jobs";
"1,""Of our 98,000 teachers who are K-12, over 53,000 of those teachers today are over 50 years old."",""education,retirement""";
"3,Two-thirds of Wisconsinites receiving unemployment checks are not required to search for work due to current work search exemptions.,""government-regulation,jobs,poverty,welfare""";
"2,""Under President Obamas health-care reforms, the premium for an average plan for a family didnt go down by $2,500 per year, its gone up about $2,500 per year."",""corporations,economy,health-care,public-health,workers""";
"2,""The IRS also investigated liberal groups, groups that had progressive in their name. ... The IRS was basically looking at everybody."",""elections,taxes""";
0,Says Obama promised unemployment would never go above 8 percent.,jobs;
"5,The economy is creating jobs at the fastest pace since 1999.,""economy,jobs""";
"3,President Obama decided not to meet with Prime Minister Benjamin Netanyahu in New York.,""foreign-policy,israel,message-machine-2012""";
"3,""In a majority of states, you can now marry freely, but can still be fired for who you love."",""civil-rights,gays-and-lesbians,states""";
4,Say Oregon Reps. Peter DeFazio and Earl Blumenauer are socialists who are openly serving in the U.S. Congress.,candidates-biography;
"4,""Rudy Giuliani is """"probably the most underqualified man since George Bush to seek the presidency."""""",job-accomplishments";
"1,""About half of the presidents have been governors";" half of them, senators."",""congress,corrections-and-updates,elections,history,states"""
"3,""After Britains vote to leave the European Union, within 24 hours, Americans lost $100 billion from our 401(k)s."",""economy,retirement""";
"3,""Medicaid spending declined by 1.9 percent in 2012, the second such decline in 47 years."",medicaid";
"5,Says 88 Texas constables have died in the line of duty.,""crime,criminal-justice,history,public-safety,public-service""";
"3,""Gov. Rick Scott cut the cost of prepaid college tuition by nearly $20,000."",education";
"3,""The city of Columbus would save $41 million a year if employees had to contribute to their own, guaranteed-check pensions."",""jobs,labor,unions""";
"5,""As Florida's CFO, I shut down Krakow's scam and refunded more than $1.2 million to Josephine and other victims of this con man."",job-accomplishments";
"3,You had more women getting computer sciences degrees in the 80s by a factor of 2-plus than you do now.,""education,technology,women""";
"1,The Air Force wants taxpayers to fund a fantasy football league.,""families,federal-budget,military""";
"4,Barack Hussein Obama will ... force courts to accept Islamic Sharia law in domestic disputes.,""islam,message-machine-2012""";
"2,About 3 percent of murders and crimes are committed with guns from people who actually (legally) purchase those guns.,""crime,guns""";
"3,Some neighborhood schools are closing.,""education,state-budget""";
3,He told gay organizers in Massachusetts he would be a stronger advocate for special rights than even Ted Kennedy.,gays-and-lesbians;
"3,""The years that I was speaker, the Florida House consistently offered leaner budgets than the governor offered."",""state-budget,taxes""";
"0,""We are already almost halfway to our 2010 goal of creating 700,000 new jobs in seven years."",""economy,jobs""";
5,Says the U.S. Supreme Court found that Social Security is not guaranteed.,social-security;
"1,SaysMichael Bennet wants to close Guantanamo Bay prisonand bring terrorists right here to Colorado.,""congress,terrorism""";
"5,Oregonians have an amazing no-cost way to fight abortion with free political donations,""abortion,campaign-finance""";
"4,""The president said hes going to bring in 250,000 (Syrian and Iraqi) refugees into this country."",""foreign-policy,immigration,terrorism""";
"0,""Research shows that a vast majority of arriving immigrants today come here because they believe that government is the source of prosperity, and thats what they support."",""immigration,pundits""";
3,Newt Gingrichs immigration plan offers a new doorway to amnesty.,immigration;
1,Mr. Caprio is a career politician who has never worked in the private sector.,candidates-biography;
"0,""In Rhode Island, 9 percent of workers use the states temporary disability insurance program each year while in New Jersey, the rate is only 3 percent."",""disability,labor,states,workers""";
"3,""In just 17 years, spending for Social Security, federal health care and interest on the debt will exceed ALL tax revenue!"",""debt,federal-budget,taxes""";
"3,President Obama took more money from Wall Street in the 2008 campaign than anybody ever had.,""campaign-finance,economy,elections,financial-regulation,history,stimulus,voting-record""";
2,Donald Trump has said nuclear proliferation is OK.,nuclear;
"5,""Hillary Clinton has taken over $800,000 from lobbyists."",ethics";
1,Barack Obama has never even worked in business.,candidates-biography;
2,Says the Arizona immigration law expressly bans racial profiling.,immigration;
"1,Says Gov. Rick Perry has been begging for the federal government to send the Coast Guard to patrol two lakes on the U.S.-Mexico border.,""crime,immigration""";
"0,""On the VA: Over 300,000 veterans have died waiting for care."",""health-care,veterans""";
"3,Were now spending 42 percent of our economy on government.,""debates,federal-budget,government-efficiency""";
"0,Rob Cornilles supports privatizing Medicare.,""medicare,message-machine-2012""";
"1,""In 2005, Dan Branch tried to expand third-trimester abortions in Texas."",""abortion,corrections-and-updates""";
"2,We (Democrats) have made steady progress creating jobs and improving our schools.,""education,government-efficiency,job-accomplishments,jobs""";
4,Michigan and Massachusetts raised their bottle deposit and could no longer afford the program because the redemptions were so high there was no profit in there.,environment;
"5,""Whether you like to admit it or not, half our general revenue goes to education."",""education,state-budget""";
"1,Im the only one whos fought against developers draining the Everglades!,""environment,message-machine""";
"2,Says Ron Johnson calls Social Security a Ponzi scheme and wants to privatize the program.,""crime,debt,federal-budget,social-security""";
"2,""There are 31 other states and 10,000 other cities that have the same type of policies that we just passed, referring to North Carolinas House Bill 2."",""gays-and-lesbians,government-regulation,sexuality""";
"0,Climate change is directly related to the growth of terrorism.,""climate-change,terrorism""";
"0,The jobs bill includes President Obamas tax on soup kitchens,""economy,jobs,taxes,workers""";
0,Says the Obama administration spent taxpayer dollars on electric cars in Finland (and) windmills in China.,stimulus;
2,While Sarah was Mayor of Wasilla she tried to fire our highly respected City Librarian because the Librarian refused to consider removing from the library some books that Sarah wanted removed.,civil-rights;
"2,""If Milwaukee approves reducing its maximum forfeiture for marijuana possession to $50, the city would have 23 different bicycle violations that have a higher forfeiture."",""city-government,crime,drugs,government-regulation,marijuana""";
1,We have more illegal immigrants here than we did five years ago.,immigration;
0,Says Rick Perry wrote a letter supporting Hillarycare.,health-care;
1,The U.S. Patent and Trademark Office received zero complaints about the Washington Redskins name.,sports;
"4,""The presidents health care proposals will cause most Americans to have their premiums increased, not decreased, and hundreds of millions of people lose their current insurance coverage."",""health-care,pundits""";
3,(Mexican immigrants) are more law-abiding than U.S. citizens and that is a statistic.,immigration;
2,Says Chris Christie vetoed a jobs package of 30 bills.,jobs;
"5,There are already more American jobs in the solar industry than in coal mining.,""climate-change,energy,environment,jobs""";
"2,Says Illinois gubernatorial candidate Bill Bradys first priority after winning the primary was to sponsor a bill that would mass-euthanize sheltered dogs and cats in gas chambers.,""agriculture,job-accomplishments,message-machine""";
"2,Barack Obama is in an economy thats only worsened since hes been president of the United States.,""bankruptcy,economy,history,housing,income,job-accomplishments,pundits,abc-news-week,workers""";
"3,""Romney failed to take action against """"sanctuary cities"""" in Massachusetts."",immigration";
"2,""Says New Jersey is down nearly 200,000 jobs from its pre-recession peak and with Gov. Chris Christie New Jersey has trailed the rest of America when it comes to unemployment for 12 consecutive months."",""economy,job-accomplishments,jobs""";
"1,Says Thomas Eric Duncan came into the United States with an elevated temperature.,""ebola,health-care,public-health,transportation""";
3,We have been in Afghanistan longer now than we have been in any foreign land conducting a war in our nations history.,afghanistan;
"2,Gas prices have gone up $2 since Obama took office.,""energy,gas-prices""";
"5,Webster sponsored a bill to create a form of marriage that would trap women in abusive relationships.,""marriage,message-machine,women""";
5,Says judges get better benefits at a lower cost than everybody else in the state.,pensions;
"5,There are a lot of casinos across the country that have gone bankrupt.,""bankruptcy,economy,gambling,state-budget,state-finances,states""";
"5,Small businesses create 70 percent of the jobs in America.,""economy,jobs,small-business""";
"2,""Seniors with coverage under Medicare Advantage will give up """"more than their share"""" because of health care reform"",""health-care,medicare""";
"2,""Over 12,000 school kids were arrested in Florida. It makes Florida the nations leader in that area."",""children,crime,education""";
"3,If Texas were a country our economy would rank # 10...in the WORLD.,""corrections-and-updates,economy,states""";
"1,There are more oil rigs in operation in the United States than the rest of the world combined.,""corporations,debt,economy,energy,environment,federal-budget,gas-prices,government-regulation,infrastructure""";
"2,""Payday lenders profit from the poor by charging 1,000-plus percent interest."",financial-regulation";
"2,""The Social Security trust fund is sound. Without anything being done, it would function well into 2038";" and even after that time with no changes, we could pay 80 percent of the benefits that people have earned."",social-security"
"3,It is a commitment voters take very seriously: The only incumbent in Ohio to break his Pledge and vote for Ted Stricklands income tax hike was defeated soundly on Tuesday.,""elections,taxes""";
"1,The Obama administration shut down the Amber Alert program because of the government shutdown.,""children,crime,federal-budget""";
3,The Republicans have 2 percent of the Muslim vote.,religion;
"3,""[W]e see Americas prison population exploding, with America having a greater percentage of its people behind bars than any other nation in the world!"",criminal-justice";
"4,""Says that in a hearing, Rep. Gabrielle Giffords suggested to Gen. David Petraeus that the Army put more emphasis on less environmentally damaging methods, like stabbing or clubbing enemy forces in order to minimize the carbon output."",""energy,environment,military""";
"2,""Every single one of the 41 Republican senators who just blocked a raise in the minimum wage will receive a $2,800 cost-of-living adjustment on January 1, 2015."",""economy,jobs""";
"5,""In Texas, the No. 1 name for new male babies many of whom will vote one day is Jose."",""elections,immigration,pundits""";
"3,Marco Rubio voted against authorizing President Obama to strike Syria after Assad used chemical weapons on his own people.,""candidates-biography,congress,foreign-policy,history,terrorism""";
"1,""Under the Cash for Clunkers program, all we've got to do is ... go to a local junkyard, all you've got to do is tow it to your house. And you're going to get $4,500."",""pundits,transportation""";
"1,Not one Republican has the guts to recognize that climate change is real.,""cap-and-trade,climate-change,debates,economy,energy,environment,government-regulation,jobs,campaign-advertising,polls,public-safety""";
"2,""While our people work longer hours for lower wages, almost all new income goes to the top 1 percent."",""economy,income,workers""";
4,David Dewhurst has a record of promoting an income tax.,taxes;
3,Point Pleasant Beach does not own its beaches;" they are privately owned and operated by businesses such as Jenkinsons,""environment,income"""
"0,""In the past year, more than 20 percent of Americans have changed their mind about the war in Afghanistan. They conclude we shouldn't be there."",afghanistan";
"1,""In the last five years, 28,000 people have been killed along the U.S.-Mexico border."",""crime,homeland-security,immigration""";
"0,The state of Ohio has one of the lowest unemployment rates in the nation right now and is leading the pack in terms of job creation.,""economy,jobs""";
"1,Says Obama health reform law denies millions access to affordable insurance.,""health-care,workers""";
"0,Says HB2 hasnt moved the needle one iota on North Carolinas economy.,""corporations,economy,gays-and-lesbians,state-finances,states""";
1,Close to 30% of our federal prison population consists of illegal immigrants.,immigration;
"1,Says Rick Scott called education not a core function of the state.,""education,state-budget""";
"1,""The Family Research Council, according to some government agencies, is a terrorist group."",terrorism";
"5,""Says Rep. Jim Weidner proposed a bill taking away health care for 80,000 of Oregons children."",""health-care,taxes""";
"5,Says that in the 1985 election former Gov. Tom Kean had the largest winning margin for a gubernatorial candidate in Jersey history.,""elections,states""";
"1,Obamacare is the biggest tax increase in American history.,""corrections-and-updates,federal-budget,health-care,taxes""";
5,You ... said that Barack Obama was not ready to be commander in chief.,candidates-biography;
"3,""The median male worker in this country has not seen a raise, inflation adjusted, for 30 years, basically."",""economy,jobs,labor,workers""";
"0,Milwaukee Mayor Tom Barrett has held the line on property taxes.,""job-accomplishments,taxes""";
5,Im the only member of the House of Representatives who raised most of his campaign funds in the last election from small contributions of less than $200.,campaign-finance;
"5,""Unlike the gridlock in Washington, more than 80 percent of the bills we passed during this General Assembly had bipartisan support."",""bipartisanship,job-accomplishments""";
"1,Josh Mandel is lying about his own record. The rating of Ohios investment fund has NOT improved.,""job-accomplishments,message-machine-2012,state-finances""";
"2,""Rick Scott took $200,000 from a family that leased land for drilling and now he is trying to hide from it."",""campaign-finance,environment""";
"2,On how money from a possible lease of the Ohio Turnpike would be used,""infrastructure,transportation""";
"3,""At the beginning of the last decade ... America had a budget surplus of over $200 billion. By the time I took office, we had a one-year deficit of over $1 trillion and projected deficits of $8 trillion over the next decade."",""economy,federal-budget""";
"2,""The president has had 1,540 of his nominations confirmed, only four defeated."",legal-issues";
"5,U.S. taxpayers are being forced to fund Feisal Abdul Raufs trip to the Middle East.,""foreign-policy,religion,terrorism""";
"0,""Milwaukee County taxpayers paid $370,000 to settle a lawsuit over a decision by Sheriff David A. Clarke Jr. to use untrained corrections officers rather than deputies to patrol the lakefront."",""labor,public-safety""";
"3,There are Justice Department policies against FBI Director James Comey discussing details of a federal investigation so close to an election.,""criminal-justice,government-regulation""";
"5,""Democratic presidents """"have been considerably more effective at creating private-sector jobs."""""",""economy,history,workers""";
"5,""Joe Biden """"voted against the first Gulf War. He opposed the surge. He wanted to partition Iraq."""""",iraq";
0,Says Rush Limbaugh made it clear hed rather see the country fail than President Barack Obama succeed.,bipartisanship;
2,One percent of the American people make over 21 percent of all the income in America. That wasnt the way before George Bush became president.,taxes;
"2,""Military """"recruiting went on at Harvard every single day throughout the time (Kagan) was there."""""",""kagan-nomination,military,abc-news-week""";
"3,""Says that under Rick Perrys plan, Texas has cut funding for public schools by 25%."",""children,education,state-budget,state-finances""";
"2,""Says David Perdue wants to abolish the U.S. Department of Education, which would cost Georgia schools $1 billion a year and eliminate millions in student loans."",""education,federal-budget""";
"3,The Paul Ryan budget proposal would privatize Medicare.,""federal-budget,health-care,medicare""";
"3,High school students arrested on campus are twice as likely not to graduate and four times less likely to graduate if theyve appeared in court.,""criminal-justice,education""";
2,The United States imprisons more than any nation in the world.,criminal-justice;
4,Says Marco Rubio is the one for an open border.,immigration;
"3,""...Over 30 years, federal spending on education has grown by 375 percent, but test scores remain flat."",""education,federal-budget""";
"0,Says cuts to Medicare affect people who have already paid in. We paid for it.,""federal-budget,health-care,medicare""";
"0,David Alameel is giving thousands of dollars to support the Republican Party candidates including John Cornyn and Greg Abbott.,""bipartisanship,campaign-finance,candidates-biography""";
"5,The American healthcare system burns 18 percent of our national GDP. Nobody else is close.,""federal-budget,health-care""";
"1,Providences port is 200 miles closer to Europe than any other Eastern port.,""economy,infrastructure,trade,transportation""";
"5,Says you need a photo ID to purchase Sudafed in Texas.,""elections,legal-issues""";
"3,Twenty percent of housing in Portlands Pearl District is affordable.,""housing,infrastructure,taxes,urban""";
"3,""Says allowing the payroll tax holiday to expire would end up costing another estimated 900,000 jobs in 2012."",taxes";
2,Hillary Clinton supported NAFTA and permanent China trade. Pennsylvania lost thousands of jobs.,foreign-policy;
"2,Numerous studies have shown that these so-called right-to-work laws do not generate jobs and economic growth.,""jobs,unions""";
"5,""Obama's budget plan would take national debt up to about 80 percent of gross national product. ... Historically, it's been about 40 percent."",federal-budget";
0,Says Hillary Clinton said the Veterans Affairs scandal is over-exaggerated. She said she was satisfied with what was going on.,veterans;
1,We now have driven (health care) costs down to the lowest theyve been in 50 years.,health-care;
"2,""President Barack Obama's """"initial response when we heard about the Christmas underwear bomber"""" was to say that """"this was the act of an isolated extremist."""""",""homeland-security,terrorism,abc-news-week""";
"2,""Says Sen. Sherrod Brown admitted that his $787 billion stimulus law failed and after specifically attacking Republicans for wanting to lower Americans taxes, (he) now claims that his stimulus bill didnt do enough to lower taxes."",""stimulus,taxes""";
"3,""In the 1950s, """"A lot of people got rich and they had to pay a top tax rate of 90 percent."""""",taxes";
"3,""The Charleston, S.C., shootershould have never been given a gun, but the universal background check was not fast enough."",""corrections-and-updates,guns,homeland-security""";
0,Sixty-five percent of the Iraqi people now say it's okay to shoot an American soldier.,iraq;
"1,Twelve judges have thrown out legal challenges to the health care law because they rejected the notion that the health care law was unconstitutional.,""health-care,supreme-court""";
2,Says Gov. Chris Christies proposal to reduce state income taxes would be the second tax cut for the rich by the governor in two years.,taxes;
5,Warren (Buffett) still does support me.,economy;
"5,Says George LeMieux was one of two Republicans who voted for President Barack Obamas jobs bill.,""candidates-biography,jobs""";
1,A precinct in the Allen West-Patrick Murphy recount has 7 registered voters in Guatemalan community and the tally showed 900 voted!!!!!,elections;
"3,""About 230,000 people that were on unemployment when I took office are not on unemployment now."",""economy,workers""";
"0,""One person, Kathleen Sebelius, was going to determine whether or not 10-year-old lung patient Sarah Murnaghan would live or die."",""children,health-care,public-health,pundits""";
4,Ron Klein repeatedly voted in favor of amnesty for illegal immigrants.,immigration;
"1,Local law enforcement . . . will have access to the [Obamacare] Data Hubs treasure trove of personal info.,""criminal-justice,health-care,legal-issues,privacy""";
"5,""During his tenure as mayor, he saw Houstons crime rates drop to the lowest levels in more than 25 years."",crime";
"4,Barack Obamas Columbia University ID says he was a foreign student and went by Barry Soetoro.,""corrections-and-updates,obama-birth-certificate""";
"0,""John McCain, """"one of the richest people in a Senate filled with millionaires,"""" says the solution to the housing crisis is for people to get a """"second job"""" and """"skip their vacations."""""",economy";
"1,""Terry McAuliffe wants to raise your taxes $1,700 to pay for his infinite promises."",""education,state-budget,taxes""";
"2,""Hypocrisy at the Clinton Foundation: Top male staff made on average $218,029 while top female staff made $153,014 from 2010-2014."",""candidates-biography,women,workers""";
"3,""Since the federal Violence Against Women Act was adopted in 1994, cases of domestic violence have fallen by 67 percent."",""crime,criminal-justice,women""";
"2,Says federal law enforcement officers cut off questioning of the Christmas Day underwear bomber by giving him a Miranda warning after 30 minutes of questioning.,""crime,homeland-security,legal-issues,terrorism,abc-news-week""";
2,On legalizing illegal immigrants.,immigration;
"5,Nearly half of all pregnancies in the U.S. are unintended.,""abortion,census,children,families,health-care,public-health,women""";
"2,""We are """"borrowing Saudi money for Saudi oil"""" with the result being """"dependency and debt."""""",energy";
"2,""Says there are homes for sale on and around (Oswego Lake) right now for under $150,000 that anyone is welcome to buy."",housing";
"2,""Since the president became the president, we have lost 3.3 million jobs in the private sector. But you know whos done OK and whos not complaining today? The public sector. Weve gained 590,000 public sector jobs."",""economy,federal-budget""";
1,The top 1 percent pay over half of the entire revenue for this country.,taxes;
"0,The difference over the (previous) four years between where things were headed and where we brought them to over the last four years is a total of $816 in saved property tax money.,""state-budget,state-finances,taxes""";
2,Chris Christie has not increased the taxes on anyone.,taxes;
"0,The United States does not have a system through which growers and dairies can bring a workforce legally into the U.S.,""agriculture,immigration,workers""";
"1,Says he never said he would keep education funding the same.,""education,state-budget""";
"5,""Since 1978, college tuition nationwide has gone up something like four times the rate of inflation."",education";
"2,""Says Sen. Rob Portman said, It would be irresponsible not to cut Medicare."",medicare";
"3,""Most of, if not all of, the [DeKalb school construction] projects always came in on or were under budget."",education";
1,(Palin) supported right-wing extremist Pat Buchanan for president in 2000.,israel;
"0,Says Sen. Sherrod Brown voted to block American energy production and increase energy taxes.,""energy,message-machine-2012,taxes""";
"0,Says Jeanne Shaheen voted for a measure that would have amounted to a new national energy tax.,""energy,taxes,voting-record""";
"2,""Washington, D.C., had some of the strictest gun laws in the country. And when they passed them, violence skyrocketed."",""crime,criminal-justice,drugs,government-regulation,guns,public-safety""";
"3,Seven presidents before (Barack Obama) -- Republicans and Democrats -- tried to expand health care to all Americans.,""health-care,history""";
"1,""While fighting a move to toughen penalties for workplace gender discrimination, state Sen. Glenn Grothman said he didnt believe women belonged in the workplace but belonged at home, cooking and cleaning and having babies."",""jobs,legal-issues,women""";
"1,""If you put the $47 billion in revenue (raised over 10 years by the Buffett rule) into infrastructure you could create 611,000 infrastructure jobs."",""economy,federal-budget,jobs,transportation""";
"4,What is the proper collective noun for a group of baboons? Believe it or not . . . a Congress!,""animals,congress,history,polls""";
5,I have repeatedly said that many of the predatory loans that were made in the mortgage system did target African-American and Latino communities.,economy;
"3,""Starting in December 2007, 1.4 million jobs were created in Texas. In that same period, the rest of the country lost 400,000 jobs."",""job-accomplishments,jobs""";
"0,The (health reform) legislation which Washington passed last year has made it more difficult to hire because its increased costs for employers.,""economy,health-care""";
"0,""The CBO, the Congressional Budget Office has said that Obamacare will kill 800,000 jobs."",""economy,health-care""";
"0,""Thompson """"voted against $250,000 caps on damages (and) almost anything that would make our legal system fairer."""""",legal-issues";
"4,Texas this fiscal year will have more money in reserve than the other 49 states combined.,""state-budget,state-finances,states""";
1,On using the Strategic Petroleum Reserve.,energy;
3,Immigrants are more fertile.,immigration;
"3,""The proposed education changes """"will not cut one teacher's pay."""""",education";
"4,The number of uninsured people in Massachusetts is about the same as it was when the mandates were passed in 2006.,""health-care,states""";
"3,Firearms homicides are down about 40 percent since Texas passed concealed-gun permit law.,""civil-rights,crime,guns""";
"1,Upwards of 90 percent of women seeking an abortion decide not to have an abortion after seeing an ultrasound.,""abortion,children,families,health-care,women""";
4,We spend less on defense today as % of GDP than at any time since Pearl Harbor.,federal-budget;
3,If you got rid of the income tax today you'd have about as much revenue as we had 10 years ago.,taxes;
"2,""Says Scott Walker wants to ban common forms of birth control, including the pill."",""abortion,message-machine""";
1,Jason Kander supports [Obamas] plan to bring the remaining suspected terrorists to U.S. soil.,terrorism;
"2,""Shelby County donated Im sorry, gave 44 schools to the city of Memphis."",""education,infrastructure""";
"2,""Top U.S. intelligence officials have toldevery member of Congress, including the president, were about to be attacked in a serious way because (of) the threat emanating from Syria and Iraq."",""iraq,terrorism""";
5,Have the suburbs been inundated with former residents of Atlanta housing projects? Absolutely not.,housing;
"5,""In July 1996, Mitt Romney helped locate the missing teenage daughter of a partner at Bain Capital."",candidates-biography";
"0,Blames Mike McIntyre and Nancy Pelosi for the second straight year of no cost-of-living increases for Social Security beneficiaries.,""message-machine,social-security""";
"0,The government is going to have the right to get into your bank account with the health care bill and make transfers without you knowing it.,""health-care,pundits""";
2,There are mechanisms in place to shut down the Internet privately.,infrastructure;
0,The American people support defunding Obamacare and oppose shutting down the government.,health-care;
"2,Report that #GOP insisting on changes to Social Security as part of #fiscalcliff false. BTW those changes are supported by @barackobama.,""federal-budget,social-security""";
"5,""Nobody has played clips over and over ...of President Obama (saying), If they bring a knife to the fight, well bring a gun."",""candidates-biography,pundits""";
"4,The people of Rhode Island dont want same-sex marriage.,""civil-rights,gays-and-lesbians,marriage,polls""";
"2,""Rep. Paul Ryans Medicare plan lines the pockets of the private insurance companies, increases costs for seniors and does not reduce the deficit."",""deficit,federal-budget,medicare,taxes""";
0,This year in Congress (Connie Mack IV) has missed almost half of his votes.,candidates-biography;
"0,""1/3 of our kids drop out (of high school), cannot go to college or start a career."",""corrections-and-updates,education""";
"0,Not even old Gen. Eisenhower saluted military personnel as president.,""history,military""";
"5,""If Wisconsins governor cuts perquisites as much as he plans to do, it would still leave (workers) better off than their private sector counterparts."",""labor,pundits,state-budget,abc-news-week""";
"0,""You cant get on an airplane, but more than 2,000 people on that list have been able to buy a gun."",""guns,terrorism""";
"1,74 percent of Republicans support the Affordable Care Act.,""health-care,polls""";
"2,""For every $1 spent on afterschool programs, we can save over $5, almost $6, in crime costs down the line."",""crime,economy,education,poverty""";
"2,""The federal government has $3 trillion in cash flow, so we can pay our bills and wont default."",""debt,federal-budget""";
1,Says Alex Sink failed Florida homeowners by using predatory lending practices.,corporations;
0,Over 40 percent of small and mid-size banks that loan money to small businesses have been wiped out since Dodd-Frank has passed.,financial-regulation;
0,You cant check out a library book without a photo ID.,legal-issues;
4,Says that Starbucks took Christmas off of their brand new cups.,religion;
3,Atmospheric conditions could push a footballs pressure down approximately one-and-a-half pounds per square inch.,sports;
"1,""Hillary Clinton supports unlimited abortion on demand up until the moment of birth, including partial-birth abortion, with taxpayer funding."",abortion";
"5,""Under legislation that has cleared the Georgia House, some children who are legal refugees could obtain state scholarships to attend private schools."",""autism,children,disability,education,families,immigration,state-budget,state-finances""";
"3,""We went from losing 3 million jobs in the last six months of the Bush Administration, adding almost 600,000 private sector jobs in the first six months of the year."",""economy,government-efficiency,job-accomplishments""";
"2,The STAR Ohio fund just received the highest possible credit rating one of these funds can receive.,""economy,job-accomplishments,state-finances""";
"2,""Taxpayers are on the hook ... for less than a third of the proposed new Atlanta Falcons stadium, and those funds are repaid from money that comes from outsiders."",""sports,state-finances""";
"3,""In the last 22 months, businesses have created more than 3 million jobs. Last year, they created the most jobs since 2005."",""corrections-and-updates,economy,jobs""";
"2,""Every year, more than $40 million are leaving Missouri for the Lone Star State."",economy";
"3,A college loan is the only loan in the United States that you cannot refinance when interest rates go down.,""debt,economy,education""";
3,The House of Representatives has never passed a resolution of disapproval to condemn a member's behavior.,history;
"3,""We are younger than our competitors, and this is entirely because of immigration."",immigration";
2,Recent international reports show the United States near the bottom among industrialized nations for k-12 academic achievement.,education;
"5,""Says 24 million people in this country cant find a full-time job, 50 million cant see a doctor when theyre sick, 47 million people need government help to feed themselves and 15 million families owe more than the value of their home."",economy";
"2,""The policy mistakes that ... the Clintons made got us, in large degree, to the situation that we are in today with mass incarceration."",criminal-justice";
"0,Says he raised average family income by 50 percent during his tenure as Arkansas governor.,""income,state-budget""";
"2,They tried to give us $400 million to build a high-speed train that goes 39 miles an hour.,""infrastructure,stimulus,transportation""";
"2,""Says the CBO estimates that fully extending the Bush tax cuts would add 600,000-1.4 million jobs in 2011 and 900,000-2.7 million jobs in 2012."",""economy,taxes""";
"5,President Reagan did it (raised the debt ceiling) 18 times. George W. Bush did it seven times.,""bipartisanship,federal-budget""";
"2,""According to David Cay Johnston, the average American pays about 22 percent of their income to federal taxes. The richest 400 Americans pay about 16 percent of their income to federal taxes."",""pundits,taxes""";
"1,""Most young Americans right now, theyre not covered by health insurance."",health-care";
"3,""In 1952, the corporate income tax accounted for 33 percent of all federal tax revenue. Today, despite record-breaking profits, corporate taxes bring in less than 9 percent."",""corporations,taxes""";
"5,""Over the last 10 years, Texas created 33 percent of the net new jobs nationwide."",""economy,job-accomplishments,jobs""";
4,Says two-thirds of groups targeted for IRS scrutiny were not conservative.,taxes;
"4,""In the class of 1968 at Patrice Lumumba University in Moscow, Mahmoud Abbas was one of the members of that class, and so was Ali Khamenei. And thats where they first established relationships with the young Vladimir Putin."",""foreign-policy,history""";
"2,""Last week the Texas State Board of Education (SBOE), led by Rick Perrys appointee, voted to remove Thomas Jefferson from social studies textbook standards. Thats right. Thomas Jefferson... was deleted from a list of historical figures who inspired political change."",education";
"0,""As a U.S. senator with salary and perks, #Bernie is in the top 1 percent, but still paid only 13 percent in taxes last year."",""income,taxes""";
"5,""You know we can't just pull out now... The truth of the matter is: If we started today, it would take one year, one year to get 160,000 troops physically out of Iraq, logistically."",iraq";
"2,""From 2013-2015, the richest 14 Americans increased their net wealth by more than $157 billion, yet the Republican budget would not require these Americans to contribute one penny to deficit reduction."",""federal-budget,taxes,wealth""";
"2,""Says that while Foster was mayor, Rick Kriseman was ineffective in the Florida House of Representatives because there was no legislation that passed the House that had (Krisemans) name on it."",""florida,states""";
"3,Says Texas routinely gets a lot more federal spending than it pays in taxes.,""federal-budget,pundits,taxes""";
1,Cell phone numbers go public this month.,consumer-safety;
"0,Says it has offered $12 million in savings through 2011 and $184 million in savings over the next 25 years in contract negotiations with the City of Milwaukee.,""city-budget,labor,state-budget""";
"1,Clackamas County Commissioners approved a re-negotiated agreement to lower the countys contribution to TriMets Portland-Milwaukie Light Rail project to $19.9 million from $25 million.,""county-budget,county-government,debt,transportation""";
"3,Says Texas has 11 different felonies you can commit with an oyster.,""crime,criminal-justice,food-safety""";
1,The Obama administration is unwinding our nations welfare-to-work requirements.,welfare;
"5,""Electric car sales in Georgia have dropped dramatically since a $5,000 tax credit was eliminated and a $200 annual registration fee was imposed July 1."",""state-budget,taxes,transportation""";
"2,The Redskins Training Camp deal generated $40 million in new private investment in the city.,""city-government,job-accomplishments""";
"2,The GOP budget plan would cut nearly a million jobs.,""economy,federal-budget,jobs""";
2,There are more people living in this country who were not born here than at anytime in the history of the country.,immigration;
2,Says Hillary Clinton defended Syrias President Assad as a possible reformer at the start of that countrys civil war.,foreign-policy;
"2,""The Postal Services financial losses result from a 2006 law that drains $5 billion a year from post office revenue, while the Postal Service is forced to overpay billions more into federal accounts."",federal-budget";
"3,As many as six federal department budget bills have been delayed because of opposition to amendments that would ban Confederate battle flag sales at federal building gift shops.,""congress,federal-budget,history""";
"4,""Shes voted for 60 tax increases, hurting the middle class and small businesses."",taxes";
"0,""Now, in the House of Representatives, we have 40 different jobs bills that have passed and almost all of them have been bipartisan."",""bipartisanship,jobs""";
"4,""Sheila Jackson Lee of Texas said: Hey, all you wrinkly, white-aged has-beens: Its time for you to die and let the next generation have your spot on the planet."",""candidates-biography,diversity,campaign-advertising""";
"0,""Republican (small business tax cut) bill spends $80 million for better Google searches, not job creation"",""small-business,taxes""";
3,A 2013 state law would allow the operator of an iron ore mine in northern Wisconsin to fill in pristine streams and ponds with mine waste.,environment;
0,America is one of the highest-taxed nations in the world.,taxes;
"1,""If black America were a country, itd be the 15th wealthiest nation in the world."",""corrections-and-updates,economy,poverty""";
"2,""Since Republicans took over after the 2010 election, the graduation rate in Wisconsin has gone from 86 percent to 88 percent. The black graduation rate has gone from 60 percent to 65 percent. The Latino graduation rate has gone from 65 percent to 71 percent."",education";
"0,""It has been estimated that nearly 40 percent of all guns sold in America are sold by private, unlicensed sellers either online or through gun shows."",guns";
"5,2008 was the deadliest year of the war (in Afghanistan) for American forces.,""afghanistan,military""";
"3,""Florida teachers are """"already paid $5,000 below the national average."""""",education";
"2,""Since Rick Perry became governor, Texas has gone from 46th in the country to 50th in the population that graduates from high school."",""education,new-hampshire-2012""";
5,Says Amanda Fritz manages less than 5 percent of city operations.,city-government;
2,The streetcar project planned by Mayor Tom Barrett would be a 1900s style trolley.,transportation;
"2,""Americans, in the last 30 years, have more than doubled the amount of money we are spending per child (on education) and the results have gotten worse, not better."",education";
"0,Polls show that Floridians dont want to repeal the Affordable Care Act.,""health-care,polls""";
1,Says Congressman Bill Pascrell voted to remove the public option from the Affordable Health Care Act.,health-care;
"5,""Lawmakers were paid for their off-season efforts to, for the first time, take the lead in drawing borders for two would-be cities."",state-finances";
"4,Greg Abbott and his surrogates have referred to women who have been the victims of rape or incest as though somehow what they are confronting is a minor issue.,""crime,ethics""";
"5,On offshore drilling for energy,""energy,voting-record""";
"0,""Under a proposed medical marijuana amendment in Florida, you dont get refills -- you get it forever."",""florida-amendments,health-care,marijuana""";
"4,""A data-storing microchip """"would be implanted in the majority of people who opt to become covered by the public health care option."""""",""health-care,privacy""";
"2,""Enacting the Right-to-Carry Act would amount to expanding the rights of sex offenders, terrorists, child predators, and abusers to carry concealed weapons across state lines."",""crime,guns,legal-issues,public-safety""";
5,I haven't missed a vote since 1993.,history;
0,Says the treasurers office has saved $37 million in management costs for the oversight of public investments.,government-efficiency;
3,Says Georgia will send more state money per child to state charter schools and that budget cuts are not applied to those charter schools.,education;
"1,Jorge Elorza wants to impose a municipal income tax.,""city-budget,deficit,economy,taxes""";
"0,The Supreme Court cant overrule the other two branchesof government.,""history,supreme-court""";
"4,Roughly 25% of RI has a criminal record,""crime,criminal-justice,jobs,labor,legal-issues""";
"2,""Nathan Deal cut the HOPE scholarship program so that literally 100,000 Georgians will not be able to go to college or get technical training that they so badly needed to raise -- you know, give them a chance at a good job."",education";
"2,""As governor of Arkansas, I cut taxes and fees almost 100 times, saving the taxpayers almost $380-million. I left a surplus of nearly $850-million."",taxes";
2,I havent raised taxes in the time Ive been the governor of New Jersey.,taxes;
"1,Massachusetts public schools teach kids as young as kindergartners about gay marriage.,""families,gays-and-lesbians,marriage,religion""";
4,I'm probably one of the four or five best-known Americans in the world.,candidates-biography;
0,We are accepting more legal immigrants than we ever have in the history (of the United States.),immigration;
"5,Congress is bewildered at the scope and reach of our spying apparatus but in 2008 and 2012 explicitly rejected an amendment calling for more disclosure.,""foreign-policy,pundits,terrorism""";
"2,Six people in Florida die as a result of (not expanding Medicaid) every day.,""health-care,medicaid,poverty""";
"3,Gov. Maggie Hassans budget proposal raises taxes on small businesses and increases taxes and fees by $100 million.,""state-budget,taxes""";
"0,Only in Washington would politicians spend $27 million to teach Moroccans how to make pottery.,""federal-budget,government-efficiency""";
"5,""Hillary Clinton """"starts off with 47 percent of the country against her."""""",elections";
"1,SaysRand Paulhas put out budgets to cut the military in half.,""federal-budget,military""";
"2,Groups that receive foreign money are spending huge sums to influence American elections.,""campaign-finance,corporations,abc-news-week""";
"5,Says legislative cuts mean Texas is spending on average $500 less per student.,""education,state-budget""";
"2,""[A]t his current rate, President Obama will have added more debt to the United State of America by the end of his first term than each of the previous 43 presidents -- combined!"",federal-budget";
2,We know that Saudi Arabia started al-Qaida.,terrorism;
3,Says Williamson County Attorney Jana Duty has never prosecuted a single adult felony case.,candidates-biography;
"1,""The fundraising numbers are in, and our grassroots support is unmatched!"",""campaign-finance,elections""";
"3,Issue 2 makes it illegal for us to negotiate for enough firefighters to do the job.,""elections,labor""";
"3,""Says although the unemployment rate seems to be improving, it does not reflect real job creation -- its caused by a shrinking of the actual labor force."",""economy,jobs,pundits,abc-news-week""";
"4,Gov. Scott Walker hired convicted Assembly Speaker Scott Jensen to oversee a raid on the state employee retirement system to help balance the state budget.,""labor,state-budget""";
"0,""Obama voted """"to cut off funding for our American troops on the battlefield."""""",iraq";
"3,""In general, it appears Wisconsins right to work bill would likely apply to the Green Bay Packers players and their union."",""corporations,labor,sports,unions,workers""";
"3,""The so-called defense minister of the Peoples Republic of Donetsk ... actually posted a bragging social media posting of having shot down a military transport. And then when it became apparent it was civilian, they pulled it down from social media."",""foreign-policy,military""";
2,Democrats are kind of falling over each other seeing who can raise taxes faster. It looks like they're going to raise taxes anywhere between 20 to 30 percent.,taxes;
"3,""Right now one of our highest job growth sectors is Leisure and Hospitality. Weve added jobs that mostly fall within the restaurant and bar sector industry. These are not high-paying jobs, as the U.S. Department of Labor estimates this is an industry sector with the lowest average wages and the lowest proportion of its workforce earning minimum or subminimum wage jobs."",""economy,jobs,labor""";
"0,""Gov. Scott Walker bought 80 new, brand-new vehicles for the state that we probably dont need."",""government-efficiency,state-budget,state-finances,transportation""";
"2,""Says he passed eight measures, including ones to prevent groping at airport security checks and to bar sanctuary cities in Texas."",""candidates-biography,homeland-security,immigration,legal-issues,transportation""";
"1,Its gotten to a point where the average federal worker makes twice as much as the average private sector worker.,""economy,federal-budget,government-efficiency""";
"1,These 15 political appointees (on the IPAB) will make all the major health care decisions for over 300 million Americans.,""health-care,new-hampshire-2012,abc-news-week""";
0,Says stores will be barred from selling 100-watt light bulbs as of 2012.,energy;
"5,""Before our last three presidents, you have to go back to the 1800s, early 1800s to find three presidents in a row being consecutively re-elected."",""elections,history""";
0,Jason Carter supports using Georgia tax dollars to promote Obamacare,health-care;
"3,""The most recent Associated Press poll has Nader-Gonzalez at 6 percent, without any national coverage, against McCain and Obama."",elections";
"2,""Dan Patrick said that if women get paid less than a man for the same job, that thats not a problem."",""jobs,women""";
"2,""Weve got an average of 5,600 soldiers committing suicide. Thats about 20 a day."",""health-care,veterans""";
"0,""There have even been Republican congressmen who have said, If you give us more money we dont know where we would even put additional Border Patrol agents."",immigration";
"5,""Today, for the first time in fifteen years, Master Locks unionized plant in Milwaukee is running at full capacity."",""jobs,trade""";
"5,Tom Reed has actually voted for every single trade deal that has ever come before him in any form.,""jobs,trade""";
"1,""ISIS camp a few miles from Texas, Mexican authorities confirm."",""immigration,military,terrorism""";
1,New federal projections estimate that the health care overhaul will cost $1.76 trillion over 10 years -- well above the $940 billion Democrats originally claimed.,health-care;
4,Say New Jersey Reps. Donald Payne and Frank Pallone are socialists who are openly serving in the U.S. Congress.,candidates-biography;
"4,The unemployment rate may be as high as 42 percent.,""corrections-and-updates,economy,jobs""";
"3,""Common Core is not from the federal government, they do not have their fingerprints on this thing at all."",""children,education,federal-budget,government-regulation""";
1,Social Security is indeed a Ponzi scheme.,social-security;
"0,""Says Scott Walker brags a lot about having an independent agency investigate police shootings. Of course, he didnt fund it."",""city-government,civil-rights,criminal-justice,public-safety,state-budget""";
3,What the Arizona law does is make a state crime out of something that already is... a federal crime.,immigration;
"4,""When the country was founded, Congress had exactly the same attitude about the sanctity of Christmas celebrations that a 7-Eleven does today: Yeah, were open."",""history,pop-culture,pundits,religion""";
"3,""In Miami-Dade County, we spend at our school system over $20 million every year educating recent immigrants."",""education,immigration""";
1,The omnibus bill has only $3.8 billion in earmarks.,federal-budget;
"5,Trump proposed enacting the largest tax increase in American history.,""candidates-biography,taxes""";
"5,""Senator McCain has been talking tough about earmarks, and that's good, but earmarks account for about $18-billion of our budget."",federal-budget";
"2,""Kim Myers voted repeatedly to raise taxes on the people of Broome County, but made millions off of tax savings when her family business relocated its headquarters."",taxes";
"2,""Californias Prop 60, which would requirecondom usein adult films, would put workers in the adult film industry at riskfor lawsuits and harassment."",""government-regulation,public-health""";
5,We pay among the highest tolls in the nation for the privilege of crossing that bridge.,transportation;
"2,""Sens. Isaksons, Chambliss Votes Against Unemployment Insurance Were Votes to Kill Nearly 6,000 Georgia Jobs."",""federal-budget,jobs""";
"0,Says real estate taxes were put in place to pay for Obamacare.,""health-care,taxes""";
2,Says today unemployment has been running near 12 percent or more for the last four years and the Legislature hasnt done much to lower it.,jobs;
1,Says Kay Bailey Hutchison voted for sanctuary cities.,immigration;
"2,John Mica voted to borrow $10 trillion.,""debt,federal-budget,message-machine-2012,voting-record""";
"0,Says opponent Mary Burke told reporters she would have required workers to give up bargained-for healthcare and retirement benefits like Gov. Walker.,""labor,state-budget,workers""";
"5,""McCain """"hired some of the biggest lobbyists in Washington to run his campaign."""""",""elections,ethics""";
"0,We do not want to raise anybodys tax rates. Thats never been on the table.,""taxes,abc-news-week""";
"2,""When terrorists killed more than 250 Americans in Lebanon under Ronald Reagan, the Democrats didnt make that a partisan issue."",""congress,history,terrorism""";
"3,""This is the first time a party has picked up multiple seats during a regular election since the mid 1980s, making this the largest majority of any party in more than 25 years."",""elections,history""";
1,John wasn't this raging populist four years ago when he ran for president.,job-accomplishments;
"5,House Republicans who complained they didnt have enough time to consider a constitutional ban against oil drilling shoved through a proposal in just a few days to open state waters to oil drilling.,""energy,environment,oil-spill""";
1,Says no one from the Bush family attended the 2012 Republican National Convention and there was no President Bush at the 2008 convention.,elections;
"4,Crime is rising.,""crime,criminal-justice""";
"3,""(Flint, Mich., is) paying three times more for poison water than I am paying in Burlington, Vt., for clean water."",""city-government,water""";
0,Weve got a personal tax system thats so complicated it costs Americans about $500 billion a year to comply with the current tax code.,taxes;
"4,""Says a Portland school gives Muslim students their own school provided prayer room, prayer rugs, and lets them out of class five times a day to pray to Allah."",religion";
"1,""(Texas Republicans) believe in abolishing Social Security, abolishing V.A. health care."",""social-security,veterans""";
2,The bulk of the people who are shot with a weapon other than these drug gangs taking on one another end up being shot with their own weapon.,guns;
"1,""In the case of General Motors, the (Bush) administration wrote a check without asking for any conditions of change."",""corporations,financial-regulation,market-regulation,abc-news-week,transportation""";
"2,Salaries for URI faculty are second to last among New England land grant universities and in lowest 20 percent of major U.S. research institutions,""education,labor,state-budget,state-finances""";
"0,Says Miami Congressman Carlos Curbelo supports drilling offshore and repeatedly voted against President Obamas ability to fight pollution and combat climate change.,""climate-change,environment""";
"1,""When President, then candidate, Obama was asked to disclose some of his donors because there was suspicion of their being the foreign source of money into his campaign, they refused to do it."",""campaign-finance,transparency""";
"1,Oregon is the only state out of the 50 states in the USA that continues to pay 100% of the medical benefits for its employees and their families.,""health-care,state-budget""";
1,You wonder why you dont see Rand Paul as much; hes still shopping for his billionaire. Hes like the only one who hasnt found a billionaire to fund his super PAC.,campaign-finance
"2,""Says Donald Trump cashed in on Sept. 11,collecting $150,000 in federal funds intended to help small businesses recover even though days after the attack Trump said his properties were not affected."",""federal-budget,terrorism""";
"0,""Three years ago, a newly elected President Obama told America that if Congress approved his plan to borrow nearly a trillion dollars, he would hold unemployment below 8 percent."",stimulus";
"4,An independent payment advisory board created by in the health care reform law is like a Medicare IRS with the power to cut Medicare in order to pay for new government programs.,""government-regulation,health-care,message-machine-2012,market-regulation""";
1,The Mitchell Park Domes lose about $1 million-plus every year and the number of people going to the Domes has been going down.,county-budget;
"1,""Under a bill before the legislature, youd have to go to court to fire an employee."",""economy,jobs,labor,legal-issues""";
5,There is little if any evidence that the use of red light cameras in New Jersey has reduced the number or severity of accidents at the intersections where they are used.,transportation;
"3,""In the entire public school system in Camden last year, only three students graduated college ready."",education";
"5,""Says nearly 29,000 Oregonians almost 5 percent of all homeowners are 90 days or more delinquent on their mortgage."",housing";
"1,""Under the Hate Crimes bill, """"any pastor, preacher, priest, rabbi or imam who gives a sermon out of their moral traditions about sexual practices could be found guilty of a federal crime."""""",crime";
"0,This is what President Obama said the jobless rate would be if we passed the stimulus: 5.6 percent.,""candidates-biography,economy,jobs,message-machine-2012,stimulus""";
"2,George Allen and his colleagues in the Senate turned the biggest surplus in the history of the United States into the biggest deficit in the history of the United States.,""corrections-and-updates,deficit""";
2,Says President Obama has cracked down on employers who are attracting undocumented immigrants and hiring them more than any previous president.,immigration;
3,Says Newt Gingrich made an affirmative statement that he would not only support but he would campaign for Republicans who were in support of the barbaric procedure known as partial-birth abortion.,abortion;
"0,U.S. global AIDS spending helped reduce political instability and violence by 40 percent in recipient nations.,""foreign-policy,public-health""";
"2,""I told the Congress 'thanks, but no thanks,' on that Bridge to Nowhere."",""federal-budget,transportation""";
"3,The actual (construction) contracts that weve awarded to date have come in several hundred million dollars below estimates.,""state-budget,state-finances,transportation""";
"5,""State school funding per pupil is down 16 percent compared to 2009, after adjusting for inflation."",""education,state-budget""";
